"","FIPS","Name","2030 Total Population","2030 Total 0-4","2040 Total Population","2040 Total 0-4","2050 Total Population","2050 Total 0-4","City","Population_16plus","Poverty_Percent","Children_U6_Working_Parents","Median_Income","Unemployment_Rate","Licensed_Capacity_Total","Cap_Centers","Cap_Preschools","Cap_Family","Cap_SchoolAge","Infant_Weekly_Cost","Toddler_Weekly_Cost","Preschool_Weekly_Cost","SchoolAge_Weekly_Cost"
"1","51000","Virginia, Statewide","9129001.8887463007","540608.77673621976","9759370.8887463007","582635.47569382738","10535809.888746301","622531.45796232228",NA,NA,NA,NA,NA,NA,NA,NA,NA,NA,NA,NA,NA,NA,NA
"2","51001","Accomack","33179.481569379343","1615.0343116755464","30280.272095590091","1432.5597276012588","27834.272095590091","1310.4021354854694","Accomack",32560,19.8,1201,46178,3.8,801,389,150,12,250,150,150,158,137
"3","51003","Albemarle","124016.46874990521","6721.5020683711627","138522.67858685643","7701.7309087196008","155102.17858685643","8456.0982676460335","Albemarle",108819,7.7,4440,84643,3.4,3440,2126,339,108,867,318,310,288,0
"4","51005","Alleghany","13992.511447891069","631.06100827090359","12804.859158152987","580.84754615933821","11808.859158152987","528.18179777778664","Alleghany",15030,15.7,457,48513,4.6,114,114,NA,NA,NA,190,190,170,85
"5","51007","Amelia","13641.61442933308","715.27496233660202","14359.198110251182","744.082544668487","15291.698110251182","786.29612376267175","Amelia",12970,10.7,595,63918,4.4,176,156,20,NA,NA,0,0,0,0
"6","51009","Amherst","29827.232243211587","1528.9163734053523","29098.214802118473","1459.4209390963424","28804.714802118473","1493.4249189646414","Amherst",31782,10.9,1505,57368,4.9,1017,735,54,10,218,188,175,153,130
"7","51011","Appomattox","17017.519734280031","973.17260373558997","17955.772928611776","1036.8841277166073","19162.772928611776","1113.4755215482323","Appomattox",15814,13.5,731,55457,2.8,124,104,20,NA,NA,194,194,174,130
"8","51013","Arlington","265793.64923406998","14665.524135030208","286106.45014065952","16234.768922728161","310701.45014065952","17560.128272525428","Arlington",236434,6.4,11950,122604,2.8,6771,4091,1674,812,194,497,495,423,367
"9","51015","Augusta","80059.717515039738","3969.3089349221677","84727.586737368561","4183.7191290737228","90663.586737368561","4461.6567817878404","Augusta",75754,8.9,3273,65076,2.9,1166,953,38,16,159,242,242,215,0
"10","51017","Bath","3634.1497399531113","136.92773646746107","3167.2450971119806","120.62654485846296","2747.7450971119806","108.37236799841985","Bath",4248,18.7,138,55481,6.4,32,32,NA,NA,NA,185,175,175,130
"11","51019","Bedford","82821.55303751021","4091.9880316701174","87901.911652279698","4393.0099744402814","94297.911652279698","4661.341682229142","Bedford",78965,8.1,3000,67136,3.4,1179,641,54,24,460,305,273,215,145
"12","51021","Bland","5634.0656125771593","185.06827150754592","5254.9145017604505","168.34364390462233","4954.4145017604505","153.44161823797069","Bland",6334,11.3,254,50365,4.3,20,NA,20,NA,NA,135,125,120,0
"13","51023","Botetourt","33556.005898281459","1563.8814274152426","34588.317252298235","1626.6077435849363","36138.317252298235","1668.1288787864285","Botetourt",33440,6.2,1040,72719,2.8,836,499,NA,12,325,190,167,137,0
"14","51025","Brunswick","14059.536721098775","517.82475821998662","12586.157768580784","434.08644682239208","11301.157768580784","392.15582623976042","Brunswick",16336,19.5,616,46111,6.9,187,NA,187,NA,NA,0,0,0,0
"15","51027","Buchanan","16373.879978329562","635.45567475596863","12869.75636219125","501.56984078500324","9558.2563621912504","375.09166150091471","Buchanan",21374,24.9,484,34302,6.5,173,NA,173,NA,NA,0,0,0,0
"16","51029","Buckingham","16265.456742258273","769.26876538230715","16617.243905645355","766.33439640468168","17217.743905645355","824.43008395705522","Buckingham",17087,16.2,548,48603,5.8,20,NA,20,NA,NA,0,0,0,0
"17","51031","Campbell","55739.399998467175","3050.6680109994827","57192.392690664317","3102.036120661834","59501.392690664317","3279.328269850067","Campbell",55406,10.5,2299,52319,3.8,1709,961,38,36,674,196,179,148,150
"18","51033","Caroline","32752.688285571454","2121.0390727203744","36588.069047942547","2362.9991974987456","40971.069047942547","2660.7023983378945","Caroline",30581,8.2,1682,67901,4.6,879,650,80,24,125,0,150,106,130
"19","51035","Carroll","27862.800338756319","1305.8080026994955","27407.586786313786","1288.9253728527256","27362.586786313786","1299.7536038434866","Carrol",8509358,NA,396207,NA,4.6,0,NA,NA,NA,NA,0,0,0,0
"20","51036","Charles","6199.8377717127942","220.82532047686658","6033.0403323196351","202.77207022825183","5956.5403323196351","196.92925058876995","Charles%20City",6965,12.7,138,60096,3.1,80,63,17,NA,NA,0,0,0,0
"21","51037","Charlotte","10321.892073986706","535.38215867036172","9705.1338480876511","493.30948871230459","9233.6338480876511","475.55246397737398","Charlotte",11953,24.1,461,40924,5.5,78,78,NA,NA,NA,0,0,0,0
"22","51041","Chesterfield","406941.9749490213","23982.135233374833","452491.95844932471","26957.738479473901","504814.45844932471","29489.046080156892","Chesterfield",348500,6.6,17430,84645,4.7,14488,10757,709,269,2753,288,276,233,187
"23","51043","Clarke","15309.360933265996","733.42974214421224","16133.390012043337","773.06947068440593","17198.890012043339","795.75869869080657","Clarke",14498,NA,349,86154,4.6,319,200,20,24,75,246,237,195,136
"24","51045","Craig","4528.1486046500122","206.46879321026046","4363.3417991330389","198.12712244706921","4263.8417991330389","189.42642591558661","Craig",5103,11.9,244,57792,1.7,100,100,NA,NA,NA,150,150,150,105
"25","51047","Culpeper","57577.666682766758","3622.0094904972225","65738.744812774632","4153.574663667373","74883.744812774632","4754.3971305831701","Culpeper",51935,7.8,2453,80663,4.6,2425,843,274,58,1250,250,226,196,115
"26","51049","Cumberland","9164.720445371313","502.02131762777719","9353.7218566127958","500.78326342090787","9682.7218566127958","526.78392170879056","Cumberland",9869,10.5,184,50565,2.3,24,NA,NA,24,NA,0,0,0,0
"27","51051","Dickenson","12168.044084546016","550.87771429892723","10869.853323727837","492.042679858339","9734.3533237278371","445.1339666830055","Dickenson",14524,23.4,447,30116,4.9,104,64,40,NA,NA,0,0,0,0
"28","51053","Dinwiddie","27493.175670331475","1485.2740650888859","28769.577001572456","1547.8057456573972","30476.577001572456","1694.9222273407561","Dinwiddie",28686,11.1,1096,65485,6.3,511,367,72,72,NA,0,240,170,145
"29","51057","Essex","9902.9841164385434","466.14877671406356","10057.452680570585","465.19662980803383","10362.452680570585","488.04016893891185","Essex",10960,NA,644,51125,4.6,311,232,55,24,NA,0,0,0,0
"30","51059","Fairfax","1201420.1369218682","75021.454282128718","1272652.1570167497","80872.029624197326","1362932.1570167497","84589.827804523637","Fairfax",23312,9.8,1450,109708,4.6,8160,3772,1236,822,2330,446,421,388,281
"31","51061","Fauquier","79583.640942108541","4553.3855105000412","87195.078832041268","4989.3789826478151","96111.578832041268","5376.8404579176631","Fauquier",70353,5.5,3235,105665,2.9,3232,1113,263,77,1779,352,276,234,205
"32","51063","Floyd","15448.339808593739","764.66088724891677","16009.719877234813","809.05053004129411","16810.719877234813","843.96448180901518","Floyd",15766,10.1,495,51250,3.1,274,151,51,12,60,0,0,0,0
"33","51065","Fluvanna","28394.074195505636","1510.0770944623259","31523.260720443952","1695.0423031158136","35124.260720443956","1815.6311032661765","Fluvanna",26873,4.7,1178,78885,2.5,333,309,NA,24,NA,0,0,150,0
"34","51067","Franklin","52038.224985306355","2533.4108304759329","54813.325540205806","2677.1757453961113","58408.825540205806","2917.3828819817918","Franklin",8015,17.5,547,49811,9.9,357,233,NA,24,100,147,142,131,128
"35","51069","Frederick","103034.60123854587","6014.1496613081754","117382.71613384692","6879.0326712383048","133487.7161338469","7797.0100472433414","Frederick",88054,5.8,3789,80011,3.3,1159,1046,74,39,NA,232,217,175,132
"36","51071","Giles","16054.52426481049","808.35134528345407","15881.818650713501","803.09589017236726","15946.818650713501","805.08311139733371","Giles",16760,9.8,560,57279,4.1,368,224,44,NA,100,0,0,0,0
"37","51073","Gloucester","39982.546799961492","1839.7084400483266","41329.462401256766","1811.8741178000291","43294.962401256766","1897.6981742955479","Gloucester",37362,7.9,947,71649,3.6,414,252,150,12,NA,160,160,140,130
"38","51075","Goochland","27339.411808266737","1164.5798054856639","30810.269777928333","1357.0945940539671","34742.269777928333","1462.4772153100487","Goochland",23472,4.4,616,97146,3.7,390,230,NA,NA,160,285,255,216,200
"39","51077","Grayson","14916.080286061959","584.32248764330814","13423.173589455853","498.41151432612418","12131.173589455853","451.80990850643752","Grayson",15651,16.4,499,41558,4.3,43,31,NA,12,NA,105,95,85,0
"40","51079","Greene","22375.598927766634","1392.7224598020421","24660.501423027337","1507.1008148246326","27314.501423027337","1623.5703352783612","Greene",19734,9.8,921,67266,4.4,579,227,40,12,300,0,197,188,95
"41","51081","Greensville","10387.931681411947","373.4804815731402","10151.492733655092","356.84096303214864","10066.992733655092","351.68203725509977","Greensville",11403,13.7,440,49756,5.3,32,NA,20,12,NA,0,0,0,0
"42","51083","Halifax","31347.128879774562","1600.7386798916405","29242.945236092004","1481.8452608992804","27576.445236092004","1401.4818180541984","Halifax",34295,15.2,1343,43714,3.9,245,140,100,5,NA,0,0,128,0
"43","51085","Hanover","118373.53214528585","5983.1493966448061","128283.00080906643","6427.7912150273951","140112.50080906643","6837.5041276463407","Hanover",106538,4.9,4418,91444,3.2,5373,4595,338,NA,440,268,256,207,151
"44","51087","Henrico","356656.26372493996","21411.456372546108","386909.82506793668","23179.133604450835","422954.32506793668","25285.777226747505","Henrico",330076,8.8,16919,72295,4.1,17818,11205,1118,363,5132,295,277,227,158
"45","51089","Henry","47060.612783851728","2256.5673048071794","42927.116057979816","2022.0899409246906","39436.116057979816","1872.3021557679153","Henry",51032,15.6,1703,38511,6.3,679,161,40,26,452,175,175,147,0
"46","51091","Highland","2112.2817718252013","78.373806954104083","1931.3745922633286","72.228051674837673","1779.3745922633286","71.917410701458621","Highland",2202,10.2,54,51831,11.4,37,37,NA,NA,NA,185,175,175,130
"47","51093","Isle Of Wight","41340.7942482","2101.1262187911411","45104.705211685548","2267.9756316376538","49543.705211685548","2472.3379785806192","Isle%20Of%20Wight",37107,9.4,1787,77870,4.6,1341,658,59,24,600,275,275,175,0
"48","51095","James","88216.101864948068","4143.112281792367","101768.91097532754","4771.2444392057905","116844.91097532754","5461.4186482813939","James%20City",76032,6.6,2503,91675,4.1,3551,1795,356,NA,1400,216,210,183,159
"49","51097","King And Queen","6181.1101218459353","277.04058259167061","6079.1229567494292","262.64839316342051","6068.1229567494292","264.60321373763816","King%20and%20Queen",7011,NA,223,65385,3.5,150,100,50,NA,NA,0,0,0,0
"50","51099","King George","29433.951596007548","1979.2191680769245","33886.763216807129","2283.4816046343303","38846.763216807129","2575.7812953698549","King%20George",26679,5.3,1112,96711,3.9,670,658,NA,12,NA,195,190,111,0
"51","51101","King William","19402.830927848387","1142.874495544603","21414.319525146693","1275.8190324418745","23746.319525146693","1403.3519281969341","King%20William",16985,7.2,921,73284,4.1,443,271,40,32,100,0,0,0,0
"52","51103","Lancaster","10297.25042942505","355.79215828977664","9826.1804800317623","327.29436746379207","9502.1804800317623","313.41540348379982","Lancaster",10686,14.6,216,59736,9.9,361,NA,147,24,190,0,0,0,0
"53","51105","Lee","18490.104413284629","848.92044125607254","17519.881659060789","786.97224382037177","16811.881659060789","743.97551908819548","Lee",23723,27.5,879,35006,9.7,220,30,190,NA,NA,0,0,0,0
"54","51107","Loudoun","522015.4980546101","39458.311578385692","638144.29458336206","51714.092736898812","763824.29458336206","57188.332745437918","Loudoun",405312,3.2,22539,147111,3.6,19107,15643,1482,1733,249,407,389,354,301
"55","51109","Louisa","41436.403829099225","2304.5282573366817","46721.614266916673","2588.0069615704406","52706.114266916673","2937.0938872123138","Louisa",36654,11.4,1471,67027,5.2,307,194,89,24,NA,200,200,200,0
"56","51111","Lunenburg","10800.92564426531","526.69393766704525","10045.572027946235","490.85746939021533","9440.5720279462348","479.23326860884254","Lunenburg",12294,14.9,748,45884,3.8,72,22,50,NA,NA,0,0,0,0
"57","51113","Madison","14160.074630910334","757.07422996823641","14600.053393880266","781.81180857084416","15258.553393880266","834.56031798029085","Madison",13208,9.6,377,63482,4.1,160,120,40,NA,NA,180,150,150,0
"58","51115","Mathews","7972.0648485871352","292.40422552135391","7522.4748149925499","271.69934791703514","7185.4748149925499","256.74055788152208","Mathews",8760,8.5,133,74489,4.5,70,NA,20,NA,50,0,0,0,0
"59","51117","Mecklenburg","27510.917654415865","1209.1340504055761","26089.925736870329","1152.5121084535213","25059.425736870329","1127.0682900978679","Mecklenburg",30726,NA,1144,50224,3.4,463,403,60,NA,NA,0,0,125,0
"60","51119","Middlesex","10143.486567360311","379.62975439507125","10335.296598977868","384.24195712125669","10681.796598977868","401.6330775285092","Middlesex",10642,9.7,276,57060,5.2,247,58,13,46,130,0,0,0,0
"61","51121","Montgomery","103544.19044808093","4704.2639596561175","109944.63228445897","4966.812068107005","117990.63228445897","5362.4792258656835","Montgomery",98495,23.5,3252,59126,3.5,2295,1770,220,45,260,244,241,232,0
"62","51125","Nelson","14321.723819234801","602.87132912045388","14273.096200631804","602.46448772400299","14438.096200631804","599.54801081460369","Nelson",14812,11.5,584,62203,3.1,105,NA,65,NA,40,0,0,152,143
"63","51127","New Kent","27067.36805230605","1382.1872549688405","31339.800455155568","1598.1429888288424","36081.300455155564","1860.7369460886234","New%20Kent",22310,4.8,823,97688,3.1,538,511,15,12,NA,239,219,219,145
"64","51131","Northampton","12000.480901526751","530.97429552554524","11423.996199350575","493.62368441930357","11018.496199350575","471.41377859284779","Northampton",11826,16.5,364,50819,4.4,543,107,100,26,310,0,0,0,0
"65","51133","Northumberland","11185.335299427152","414.12692845150673","10813.48816458546","411.19935119449639","10603.48816458546","412.80284726750483","Northumberland",12151,13.8,300,59437,4.6,212,NA,NA,12,200,0,0,0,0
"66","51135","Nottoway","15209.808689236903","713.03154137809395","14944.630119537491","675.18130550935859","14903.130119537491","666.90670297899476","Nottoway",15338,16.9,499,49983,4.3,205,165,40,NA,NA,130,130,100,0
"67","51137","Orange","38467.578492310844","2207.7561599699643","43010.336197849596","2495.1661365237564","48196.836197849596","2791.1579675594321","Orange",36501,10.7,1652,74446,5.5,719,348,20,76,275,210,187,177,133
"68","51139","Page","23040.923330931364","1135.1332434005355","22963.229160304694","1127.5892186907538","23229.229160304694","1146.9946238084526","Page",23862,13.4,1014,51878,5.2,222,170,40,12,NA,0,0,0,0
"69","51141","Patrick","16486.245877530713","671.60703402690353","15356.89684850692","611.98184159112066","14457.39684850692","571.10961709761057","Patrick",17660,12.9,478,46941,3.7,64,44,20,NA,NA,0,0,0,0
"70","51143","Pittsylvania","56671.839828680255","2556.0190366729685","55223.304170577758","2480.5487175795415","54601.304170577758","2438.4469813740238","Pittsylvania",60867,15.1,1836,49520,5.3,528,352,116,NA,60,0,0,0,0
"71","51145","Powhatan","32152.417824049498","1442.3349282610427","35597.622748006506","1614.9816572661878","39575.622748006506","1828.3502341099938","Powhatan",29253,4.8,1005,93833,1.4,502,461,21,20,NA,172,167,166,132
"72","51147","Prince Edward","20038.585357539127","833.2134874146675","20791.889953639657","850.29924285863524","21856.389953639657","874.39739612956521","Prince%20Edward",22892,23.2,679,44253,5.9,348,277,65,6,NA,0,0,0,0
"73","51149","Prince George","49574.06052914069","2740.4684060367467","53751.060172619946","2953.1262572382038","58732.560172619946","2971.4279474090854","Prince%20George",38292,7.1,1654,75123,6.5,411,69,NA,12,330,0,0,0,0
"74","51153","Prince William","554344.35005372111","39987.165080000865","645380.34352877166","46994.088344001677","746075.84352877166","52728.722579528658","Prince%20William",466834,6.1,26181,107707,4.6,19826,12200,549,1234,5843,337,324,290,227
"75","51155","Pulaski","32258.869728555856","1496.7358717145996","31129.450471847809","1417.1317724673477","30465.950471847809","1392.118045724711","Pulaski",34113,13.5,1341,53689,4.9,754,358,146,NA,250,233,233,172,0
"76","51157","Rappahannock","7218.030525000443","296.93393007977312","7291.3990379795114","293.87936742629148","7473.8990379795114","297.0327355234956","Rappahannock",7360,7.7,196,82077,4.2,239,167,72,NA,NA,242,242,242,185
"77","51159","Richmond","8468.8404029501307","345.95807248283705","8400.1146001669549","340.68857668583388","8457.1146001669549","352.82772668689574","Richmond%20County",8951,16.7,244,53298,2.5,325,65,58,12,190,220,200,170,0
"78","51159","Richmond","8468.8404029501307","345.95807248283705","8400.1146001669549","340.68857668583388","8457.1146001669549","352.82772668689574","Richmond",229233,20.9,11191,51421,6.3,14756,10004,1210,308,3234,316,303,244,150
"79","51161","Roanoke","100027.3349362413","4899.1661849148095","104045.56895763538","5109.6157547353769","109621.06895763538","5357.114241859962","Roanoke",99122,20.1,5251,45664,6.7,5690,3810,299,146,1435,283,256,190,115
"80","51163","Rockbridge","22663.413336246784","1031.3382991956253","23236.627175618694","1052.6514963589427","24157.627175618694","1086.6825051729763","Rockbridge",22728,12.5,768,54133,4.8,242,NA,92,NA,150,0,0,0,0
"81","51165","Rockingham","89892.719360923191","5242.572569821974","96464.914203971712","5669.205332002909","104480.91420397171","6074.6169116758447","Rockingham",81138,7.9,3684,64496,3.1,1526,636,187,36,667,233,229,199,0
"82","51167","Russell","22340.114959597853","1026.8398639008449","19780.55634089667","921.56366294228837","17517.05634089667","840.19581237031809","Russell",26937,18.2,995,38564,6.6,215,156,NA,24,35,232,210,202,125
"83","51169","Scott","19688.674004763601","850.03845767445273","18498.307008364522","790.2547262180118","17584.807008364522","754.69872015990802","Scott",21761,14.8,754,41540,3.7,200,24,176,NA,NA,0,0,0,0
"84","51171","Shenandoah","45714.193325002809","2571.5991290841171","49528.394256495369","2834.2933925944421","54083.894256495369","3125.645457554253","Shenandoah",43441,12.2,1735,56114,4.6,381,260,85,36,NA,171,161,160,210
"85","51173","Smyth","26999.357113315877","1335.3253123035624","24984.904222157806","1207.1635925244996","23344.404222157806","1152.0742680493993","Smyth",30539,18.7,1056,41088,5.5,360,191,97,12,60,100,100,90,141
"86","51175","Southampton","17172.269262127233","754.23280925412121","17172.249570655313","720.74382518998596","17429.249570655313","752.28641057005416","Southampton",17829,7.8,773,63034,4.7,195,NA,195,NA,NA,175,175,145,145
"87","51177","Spotsylvania","155406.96692410827","9486.0235965959","177567.78270295329","10719.684722559219","202386.28270295329","11954.905261926648","Spotsylvania",134683,7.1,6095,90913,4.6,5206,3722,370,114,1000,244,230,184,162
"88","51179","Stafford","182242.70351753477","11555.740666258023","211320.3396036831","13408.971439366154","243560.8396036831","15132.778953296247","Stafford",150185,5.5,7250,112247,3.8,5683,3817,213,254,1399,260,249,212,174
"89","51181","Surry","5977.077304875419","271.17066323784974","5756.9127099311572","243.41766237330762","5622.9127099311572","245.57488491120569","Surry",6459,16.3,227,56525,4.8,29,NA,17,12,NA,0,0,0,0
"90","51183","Sussex","9433.8072039846029","319.84516104148634","8469.5422666749873","269.63466610521414","7632.0422666749873","245.90810768189385","Sussex",11202,11.2,442,51701,6.8,123,40,74,9,NA,0,0,0,0
"91","51185","Tazewell","35267.121696642891","1629.9176896281381","32693.296122378415","1532.6236861167072","30608.796122378415","1426.8453210248119","Tazewell",41201,NA,1338,42207,7.1,506,337,157,12,NA,0,0,0,0
"92","51187","Warren","43250.028868837158","2631.1592746125102","47116.331513128629","2813.1821256623671","51687.831513128629","3060.4713257179737","Warren",39888,10.8,1601,70109,5.8,698,573,40,10,75,163,160,155,130
"93","51191","Washington","52234.372476017146","2354.23290799082","52859.220421748141","2399.5717743036166","54275.220421748141","2466.2955981309797","Washington",54005,13.5,2181,50928,4.2,1207,597,207,44,359,232,217,217,60
"94","51193","Westmoreland","19220.48275809213","964.89126004141031","19803.579547528316","977.92468682136314","20683.079547528316","1035.2360199212335","Westmoreland",17873,15.7,344,53790,12.7,279,66,40,23,150,0,0,0,0
"95","51195","Wise","30366.391426220631","1462.2745580234528","27951.536495110387","1322.2607488257513","25955.036495110387","1242.70421577504","Wise",38032,21.1,1192,41285,9.2,238,125,89,24,NA,185,175,140,0
"96","51197","Wythe","26953.03082153996","1309.8773056762275","26895.974646414776","1307.2283711658947","27241.474646414776","1333.2973208505073","Wythe",28725,13.4,1123,51639,4.2,447,334,77,36,NA,145,130,130,0
"97","51199","York","73556.294682327352","4119.9251716821727","79244.234084298325","4444.2727429718771","86118.234084298325","4761.1365333246358","York",68389,4.8,2665,93356,5.3,2868,1144,283,6,1435,0,0,0,0
"98","51510","Alexandria","176402.63375642215","11617.351755665513","189163.39621053333","12967.823929652475","204755.39621053333","14215.44709956493","Alexandria",158309,9.4,7865,102227,3.3,18457,9016,2453,2256,4732,435,410,379,256
"99","51520","Bristol","16365.008986287363","931.12682135451314","16050.774582856566","905.07636905281822","15976.774582856566","938.5834673937303","Bristol",17059,22.1,714,39679,6.3,1154,445,174,24,511,128,126,123,100
"100","51530","Buena Vista","6536.9354693162559","387.35579208476008","6584.38595547159","397.20919029333373","6730.38595547159","396.72120625465982","Buena%20Vista",6477,16.9,278,36634,1.8,56,56,NA,NA,NA,0,0,0,0
"101","51540","Charlottesville","48919.578449583103","2548.02065997615","48939.099446818698","2480.6095904242766","49691.099446818698","2570.4996761663733","Charlottesville",47217,23.1,1838,59598,4.6,5946,2821,612,136,2377,339,316,290,379
"102","51550","Chesapeake","272669.65373255464","16420.230321161136","293397.33090914221","17163.537804442247","318516.33090914221","18597.019606303405","Chesapeake",242647,7.5,12210,81261,5.2,7640,4754,542,157,2187,314,280,231,177
"103","51570","Colonial Heights","18657.667596303891","1002.4593293233888","19009.647291509176","997.35262306542154","19646.147291509176","1043.2600101038861","Colonial%20Heights",17283,9.9,894,60522,6.1,351,208,60,8,75,0,0,225,0
"104","51580","Covington","5433.9754587365078","284.01733336444886","5075.0169028571372","260.4464716081003","4792.0169028571372","249.93277765728442","Covington",5653,11.6,352,41024,2.7,327,327,NA,NA,NA,190,190,170,85
"105","51590","Danville","41521.171086391332","2450.8389585019877","38041.301101861245","2188.6258975672936","35130.801101861245","2053.0733147663927","Danville",40668,NA,1929,37147,7.1,1119,748,260,11,100,195,195,185,0
"106","51595","Emporia","5524.6567107234041","354.88039559065305","5492.9429910230947","352.7321981119714","5543.4429910230947","359.57205697504929","Emporia",5408,21.8,441,30058,16.7,304,240,40,24,NA,0,0,117,0
"107","51600","Fairfax","25358.223585509546","1389.9215589298069","26288.755748700449","1469.3989356458947","27612.755748700449","1519.2042853338353","Fairfax",23312,9.8,1450,109708,4.6,8160,3772,1236,822,2330,446,421,388,281
"108","51610","Falls Church","16740.54764940701","992.7287671111535","18602.619393549947","1151.3072663831742","20743.119393549947","1261.0739249705293","Falls%20Church",14309,NA,664,146922,4.4,6728,3316,890,962,1560,488,488,431,375
"109","51620","Franklin","7666.5084560225932","506.50392542897964","7471.6786957309832","487.04551410842947","7388.6786957309832","503.05823136549435","Franklin",8015,17.5,547,49811,9.9,357,233,NA,24,100,147,142,131,128
"110","51630","Fredericksburg","31223.920656966278","1940.9839842911231","35050.809813922751","2143.5176722955139","39402.309813922751","2522.3099454588337","Fredericksburg",29059,13.9,1323,69528,5.8,6857,5293,344,176,1044,234,225,187,159
"111","51640","Galax","6306.2896762191504","346.69320454447814","6155.6570141543898","338.13862684600747","6097.1570141543898","330.56898408470897","Galax",6402,24.1,296,35184,8.3,310,164,65,48,33,105,95,85,0
"112","51650","Hampton","134898.21898833275","7842.7170652220784","128332.94020157107","7227.9604150740097","123688.44020157107","7037.4596523923392","Hampton",135169,15.3,6675,57041,6.1,3352,2627,317,148,260,207,203,176,125
"113","51660","Harrisonburg","53929.717621859112","2805.8554499847678","58723.789660871924","3061.164245212035","64396.789660871924","3442.7481700430026","Harrisonburg",53558,25.5,1960,49117,4.7,1777,757,345,48,627,205,203,183,144
"114","51670","Hopewell","23138.504243395524","1561.1757396658893","23131.787238180841","1511.7630477583866","23471.287238180841","1546.9812171065175","Hopewell",22500,24.7,1043,43262,8.4,474,438,NA,36,NA,0,0,0,0
"115","51678","Lexington","7489.0886151786653","209.64474966773861","7601.8111426080532","214.24934008285877","7828.3111426080532","223.32230299562991","Lexington",7205,22.1,197,50714,3.4,493,169,124,NA,200,0,0,0,0
"116","51680","Lynchburg","81268.143764343375","4840.1197883515197","86838.419824313169","5143.2913795466184","93708.419824313169","5521.7947512173023","Lynchburg",80970,17.1,3747,49201,6.3,3128,2068,252,80,728,196,192,171,158
"117","51683","Manassas","47038.928136637471","3521.8361277567915","50107.462071385547","3730.2174477066196","53925.962071385547","3967.5611592566265","Manassas",41038,NA,2418,86227,4.4,6442,4591,273,168,1410,381,369,342,249
"118","51685","Manassas Park","19875.950503432192","1542.6565985099926","22996.261926333143","1797.3154560941261","26460.761926333143","1989.2150958309992","Manassas%20Park",17548,NA,1063,81639,3.1,89,NA,75,14,NA,0,0,0,0
"119","51690","Martinsville","12960.519373648893","750.11019421777439","11818.135527731494","672.2887362886363","10852.635527731494","628.70409855101514","Martinsville",12646,26.4,729,36166,3.9,973,180,102,34,657,160,155,142,140
"120","51700","Newport News","189026.0554324676","12769.533393633927","189242.13932629552","12411.558108756388","192290.63932629552","12523.178226341914","Newport%20News",179582,14.8,9922,54511,5.7,6448,4355,787,21,1285,262,230,200,153
"121","51710","Norfolk","229864.16013160979","14243.044956997617","228248.92350766817","13490.197456393911","230049.92350766817","13539.511379662245","Norfolk",244300,17.8,12436,53026,4.6,6562,3870,662,247,1783,226,207,187,138
"122","51720","Norton","3367.0343129047546","191.51572861683437","3210.482528796209","175.72298271669587","3101.982528796209","175.80728286596693","Norton",3969,31.6,77,30518,8.6,293,223,20,NA,50,290,260,260,0
"123","51730","Petersburg","34001.526831956209","2056.0076213263619","33361.204569585934","1842.9465259204635","33220.204569585934","1852.0081365060803","Petersburg",30791,22.6,1759,43029,12.6,1515,654,163,80,618,0,0,0,0
"124","51735","Poquoson","12586.952042094179","588.26061699916011","12841.747636841334","588.2240095275198","13288.747636841334","606.01975066348905","Poquoson",12121,NA,426,100696,1.7,324,224,NA,NA,100,0,0,0,0
"125","51740","Portsmouth","98857.34965245385","6618.347570217039","96094.094609215987","6173.7841921186709","94769.094609215987","6104.4191586075531","Portmouth",8509358,NA,396207,NA,4.6,0,NA,NA,NA,NA,0,0,0,0
"126","51750","Radford","15506.49408975925","572.98867501054963","15381.772739462567","566.88532158388603","15487.272739462567","581.21950454955868","Radford",17833,39.3,241,34576,6.5,377,286,91,NA,NA,0,0,0,0
"127","51760","Richmond","245436.69382879429","14730.389226656673","256014.8798798873","14509.795241462485","270424.87987988733","15276.463627199819","Richmond%20County",8951,16.7,244,53298,2.5,325,65,58,12,190,220,200,170,0
"128","51760","Richmond","245436.69382879429","14730.389226656673","256014.8798798873","14509.795241462485","270424.87987988733","15276.463627199819","Richmond",229233,20.9,11191,51421,6.3,14756,10004,1210,308,3234,316,303,244,150
"129","51770","Roanoke","101513.71893620043","6629.0458644032042","102529.14944093642","6550.7787240556636","105079.14944093642","6783.0271922335332","Roanoke",99122,20.1,5251,45664,6.7,5690,3810,299,146,1435,283,256,190,115
"130","51775","Salem","25518.887108051549","1154.3363862202939","25437.657784921903","1153.1462202205114","25737.157784921903","1174.9754390281021","Salem",25290,8.7,800,63411,4.9,1864,1213,36,NA,615,366,333,219,0
"131","51790","Staunton","27356.168126568664","1494.5456321738","27887.275007000902","1500.6858515019046","28835.775007000902","1568.7447174075019","Staunton",24660,12.2,1063,52292,3.7,439,299,NA,NA,140,225,215,187,157
"132","51800","Suffolk","102571.33832078672","6731.3694951797788","116156.30903905809","7455.2998932812507","131479.80903905811","8308.2862891524055","Suffolk",91383,9.2,4541,79899,6.2,3265,1492,500,123,1150,199,186,156,151
"133","51810","Virginia Beach","474052.01541401935","27785.435350920798","483915.67532721063","27249.447766598292","501022.17532721063","28041.804190305913","Virginia%20Beach",450882,7.2,20897,78136,4.4,14982,11741,1336,315,1590,290,272,247,197
"134","51820","Waynesboro","23050.779988756025","1478.5648395826536","24029.132282715505","1509.192934984173","25367.132282715505","1596.3470915389019","Waynesboro",22300,14.9,1158,43480,4.6,641,391,NA,NA,250,218,203,190,149
"135","51830","Williamsburg","16541.443161348827","479.48169538913396","17985.747718407194","519.11866341654149","19699.247718407194","578.83710628091865","Williamsburg",15034,15.2,429,59288,5.2,4158,2026,401,11,1720,226,219,194,159
"136","51840","Winchester","29606.44310793914","1792.982733573228","31403.91588531786","1885.6035494308685","33671.41588531786","2037.8496254010017","Winchester",27912,15.3,1450,61102,5.3,2055,1616,199,20,220,209,193,176,158
